id,first_name,last_name,email,gender,ip_address
1,Valentino,Bryan,vbryan0@reuters.com,Male,125.13.78.77
2,Jeddy,Abell,jabell1@jalbum.net,Male,71.192.114.118
3,Gian,Leakner,gleakner2@dmoz.org,Male,61.112.53.72
4,Ilaire,Weblin,iweblin3@eventbrite.com,Male,87.181.177.110
5,Valencia,Dinnis,vdinnis4@ebay.co.uk,Female,1.57.51.71
6,Quentin,D'Oyley,qdoyley5@wisc.edu,Male,137.199.75.186
7,Tait,Balfour,tbalfour6@wsj.com,Male,195.233.99.93
8,Prudence,Ahmed,pahmed7@disqus.com,Female,97.157.135.183
9,Gabby,Flanaghan,gflanaghan8@ucoz.com,Male,59.96.150.67
10,Frederic,Ioselevich,fioselevich9@xing.com,Male,245.28.247.171
11,Beitris,Lindores,blindoresa@tamu.edu,Female,136.3.90.67
12,Lew,Toffanelli,ltoffanellib@illinois.edu,Male,107.249.163.68
13,Gare,Morant,gmorantc@posterous.com,Male,254.204.207.2
14,Norton,Dimanche,ndimanched@sogou.com,Male,148.30.116.217
15,Keefer,Croy,kcroye@usnews.com,Male,156.47.116.119
16,Gillan,Gransden,ggransdenf@arstechnica.com,Female,198.137.224.61
17,Jamal,Hammant,jhammantg@mapquest.com,Male,88.15.82.199
18,Etheline,Galpin,egalpinh@tripod.com,Female,22.166.225.203
19,Rickard,Morshead,rmorsheadi@house.gov,Male,11.109.43.13
20,Ruby,Grinstead,rgrinsteadj@theglobeandmail.com,Genderfluid,5.204.75.171
21,Porty,Biesterfeld,pbiesterfeldk@e-recht24.de,Male,106.64.82.73
22,Gisella,Wavish,gwavishl@tmall.com,Female,147.5.128.147
23,Morley,Rigeby,mrigebym@github.io,Male,93.177.100.239
24,Analiese,Durie,adurien@weebly.com,Female,168.234.127.5
25,Northrop,Kulicke,nkulickeo@bbc.co.uk,Male,79.225.96.79
26,Derrick,Jillis,djillisp@freewebs.com,Male,251.129.115.178
27,Alethea,Bigmore,abigmoreq@netlog.com,Female,46.80.36.69
28,Edi,Forten,efortenr@wisc.edu,Agender,106.54.22.128
29,Roscoe,Adshed,radsheds@sciencedaily.com,Male,93.161.1.6
30,Renate,Kelston,rkelstont@imageshack.us,Female,233.59.154.126
31,Giovanni,Godthaab,ggodthaabu@alexa.com,Male,148.253.181.122
32,Franchot,Augur,faugurv@google.nl,Male,227.48.62.184
33,Silvan,Shafier,sshafierw@gravatar.com,Male,56.41.222.137
34,Thaine,Munnion,tmunnionx@webnode.com,Male,129.180.204.248
35,Helena,Vertey,hverteyy@huffingtonpost.com,Female,189.119.108.29
36,Chev,Tomicki,ctomickiz@merriam-webster.com,Male,151.39.63.57
37,Jephthah,Weedenburg,jweedenburg10@goo.ne.jp,Male,7.198.44.98
38,Lorita,Delbergue,ldelbergue11@salon.com,Female,98.97.56.245
39,Goldie,Varran,gvarran12@archive.org,Female,69.68.38.105
40,Marven,Vlach,mvlach13@etsy.com,Male,203.51.41.77
41,Walker,Prendiville,wprendiville14@w3.org,Male,90.27.218.177
42,Joanie,Rout,jrout15@g.co,Female,86.181.1.215
43,Virgie,Flori,vflori16@state.gov,Female,125.4.64.8
44,Dieter,Siddeley,dsiddeley17@constantcontact.com,Male,89.45.50.111
45,Didi,Gregs,dgregs18@odnoklassniki.ru,Female,118.32.247.0
46,Pen,Lomax,plomax19@acquirethisname.com,Female,250.77.6.254
47,Lu,McMaster,lmcmaster1a@webeden.co.uk,Female,140.56.207.77
48,Glenda,Zienkiewicz,gzienkiewicz1b@wix.com,Genderfluid,186.175.248.224
49,Appolonia,Kerman,akerman1c@google.es,Female,61.73.129.46
50,Pasquale,Saby,psaby1d@sohu.com,Male,1.28.76.155
51,Dewey,Litchfield,dlitchfield1e@japanpost.jp,Male,78.222.215.204
52,Vida,Jeffry,vjeffry1f@utexas.edu,Female,175.70.196.49
53,Codee,Geaveny,cgeaveny1g@mtv.com,Female,217.52.36.131
54,Jenifer,Beevers,jbeevers1h@npr.org,Female,246.84.202.244
55,Dael,Klos,dklos1i@mail.ru,Male,0.1.128.10
56,Kirk,Forster,kforster1j@fotki.com,Male,186.250.60.140
57,Bunnie,Coldham,bcoldham1k@is.gd,Female,208.220.103.118
58,Elisabeth,Mabee,emabee1l@ca.gov,Female,79.173.67.47
59,Page,Fitt,pfitt1m@nytimes.com,Male,12.254.129.193
60,Corty,McGeraghty,cmcgeraghty1n@about.me,Male,114.193.30.165
61,Bren,Caudwell,bcaudwell1o@scribd.com,Female,45.62.107.116
62,Elva,Cappleman,ecappleman1p@ucla.edu,Female,159.199.209.253
63,Monique,Carmen,mcarmen1q@ezinearticles.com,Female,234.0.147.158
64,Aguie,Bacher,abacher1r@mail.ru,Male,104.178.218.70
65,Lurline,Wrankling,lwrankling1s@soup.io,Female,44.110.204.219
66,Quint,Setterington,qsetterington1t@elpais.com,Male,177.79.45.122
67,Adelaide,Durrett,adurrett1u@paypal.com,Female,193.195.165.227
68,Albertina,Shoemark,ashoemark1v@jimdo.com,Female,222.198.71.35
69,Christoffer,Crittal,ccrittal1w@stanford.edu,Male,166.74.91.110
70,Theo,Sollars,tsollars1x@photobucket.com,Male,218.160.162.124
71,Kaylee,Gallehawk,kgallehawk1y@infoseek.co.jp,Female,84.114.182.149
72,Lorilee,Bungey,lbungey1z@symantec.com,Non-binary,51.109.44.90
73,Golda,Forlonge,gforlonge20@mysql.com,Female,247.166.136.11
74,Buffy,Priditt,bpriditt21@cloudflare.com,Female,33.233.68.85
75,Brittaney,Cleobury,bcleobury22@sina.com.cn,Female,57.10.4.249
76,Ollie,Beauchamp,obeauchamp23@mozilla.org,Male,25.182.112.172
77,Oralia,Paternoster,opaternoster24@archive.org,Female,184.199.46.194
78,Jammal,Tryme,jtryme25@whitehouse.gov,Male,59.100.231.225
79,Dukey,Oen,doen26@nasa.gov,Non-binary,205.168.109.254
80,Harlene,Townes,htownes27@drupal.org,Genderfluid,217.165.140.27
81,Deva,Fernan,dfernan28@etsy.com,Female,48.50.221.205
82,Mallory,Happer,mhapper29@deviantart.com,Female,233.255.207.162
83,Suzanne,Pinckney,spinckney2a@hud.gov,Female,78.10.126.9
84,Isaac,Welham,iwelham2b@examiner.com,Male,41.100.55.105
85,Franky,Comelini,fcomelini2c@ted.com,Male,183.111.86.48
86,Nilson,Trasler,ntrasler2d@macromedia.com,Polygender,238.73.201.160
87,Kalil,Gambell,kgambell2e@redcross.org,Male,135.177.49.11
88,Margalit,Lillford,mlillford2f@bloglovin.com,Female,78.78.107.181
89,Dougy,Deport,ddeport2g@ustream.tv,Genderqueer,90.196.163.202
90,Debee,McCafferky,dmccafferky2h@ehow.com,Female,68.106.247.206
91,Puff,Bendley,pbendley2i@sbwire.com,Male,208.83.4.52
92,Emmi,Barnwall,ebarnwall2j@histats.com,Female,146.238.231.21
93,Patrica,Cluney,pcluney2k@ucsd.edu,Genderqueer,16.105.207.136
94,Kimberli,Glison,kglison2l@jigsy.com,Female,100.32.255.82
95,Sharl,Kinleyside,skinleyside2m@adobe.com,Female,133.100.170.247
96,Free,Ewin,fewin2n@xing.com,Male,165.117.15.49
97,Kendell,Ipsgrave,kipsgrave2o@goo.ne.jp,Male,234.228.33.177
98,Kendall,Devine,kdevine2p@shutterfly.com,Male,26.105.149.89
99,Lorain,Mullany,lmullany2q@goodreads.com,Female,156.118.82.21
100,Malanie,Licciardo,mlicciardo2r@prweb.com,Female,178.23.39.40
101,Alister,Teggart,ateggart2s@tuttocitta.it,Male,202.161.204.174
102,Ailina,Miguet,amiguet2t@yellowpages.com,Female,38.113.141.138
103,Diarmid,Meineken,dmeineken2u@desdev.cn,Male,12.192.112.215
104,Georgy,O'Mohun,gomohun2v@elegantthemes.com,Male,245.126.169.16
105,Debora,Biesty,dbiesty2w@virginia.edu,Female,204.40.184.156
106,Dani,Garahan,dgarahan2x@berkeley.edu,Non-binary,74.247.231.255
107,Aldridge,Shafto,ashafto2y@wired.com,Male,37.99.243.230
108,Charlene,Debnam,cdebnam2z@gmpg.org,Female,104.165.251.240
109,Rosa,Howgill,rhowgill30@1688.com,Female,99.234.114.0
110,Lynda,Addy,laddy31@tumblr.com,Female,140.135.174.11
111,Roxanne,Denekamp,rdenekamp32@nasa.gov,Female,112.54.177.212
112,Caesar,Mariolle,cmariolle33@google.ca,Male,41.168.87.241
113,Angelo,Kitchenside,akitchenside34@independent.co.uk,Male,140.85.12.14
114,Alphonso,Goodson,agoodson35@wix.com,Male,254.35.251.218
115,Sherye,McNeilly,smcneilly36@1und1.de,Genderqueer,225.154.187.167
116,Ashlen,Blastock,ablastock37@prlog.org,Female,25.245.61.214
117,Lian,Colwill,lcolwill38@stumbleupon.com,Female,65.6.222.72
118,Charo,MacGahy,cmacgahy39@time.com,Female,194.241.192.254
119,Anet,Danaher,adanaher3a@yahoo.co.jp,Female,241.66.93.183
120,Kerri,Kingsworth,kkingsworth3b@amazon.com,Bigender,55.220.197.206
121,Rowland,Bramstom,rbramstom3c@diigo.com,Male,240.118.231.147
122,Susette,Skim,sskim3d@ovh.net,Female,151.1.41.189
123,Dean,Blofeld,dblofeld3e@bigcartel.com,Male,150.89.165.223
124,Richmond,Timson,rtimson3f@quantcast.com,Male,138.232.96.6
125,Edyth,Kloster,ekloster3g@aol.com,Female,228.159.142.54
126,Filberto,Widger,fwidger3h@google.pl,Male,110.176.77.41
127,Roy,Mold,rmold3i@chron.com,Male,139.236.247.251
128,Brendon,Biddlecombe,bbiddlecombe3j@foxnews.com,Male,244.216.199.76
129,Celeste,Terbrugge,cterbrugge3k@mozilla.com,Female,199.120.81.48
130,Tris,Pieper,tpieper3l@msu.edu,Male,168.238.16.208
131,Koral,Ketteman,kketteman3m@wikia.com,Agender,65.46.231.37
132,Sissy,Orlton,sorlton3n@acquirethisname.com,Female,155.157.165.112
133,Lanny,Afield,lafield3o@deviantart.com,Female,90.95.223.144
134,Pearl,MacDermot,pmacdermot3p@sitemeter.com,Female,233.80.162.2
135,Mellicent,Lober,mlober3q@patch.com,Bigender,202.203.171.71
136,Gideon,Hellen,ghellen3r@washington.edu,Male,16.125.44.143
137,Jaquith,Brignall,jbrignall3s@vistaprint.com,Female,97.2.187.160
138,Craig,Nesey,cnesey3t@t-online.de,Male,29.87.154.109
139,Gerty,Baylis,gbaylis3u@google.co.uk,Genderfluid,173.184.217.112
140,Alyosha,Bortolomei,abortolomei3v@cisco.com,Male,71.42.208.135
141,Albert,Coll,acoll3w@go.com,Male,81.176.224.115
142,Travus,Davinet,tdavinet3x@blogtalkradio.com,Male,16.29.1.77
143,Aile,Boat,aboat3y@blogspot.com,Female,148.114.80.149
144,Josefa,Winslet,jwinslet3z@bizjournals.com,Female,217.25.213.119
145,Arron,Nichol,anichol40@tinyurl.com,Male,18.181.29.178
146,Edgard,Lacrouts,elacrouts41@uiuc.edu,Male,103.212.235.255
147,Zolly,McGillicuddy,zmcgillicuddy42@mapy.cz,Male,145.36.217.61
148,Berky,Shinton,bshinton43@boston.com,Male,51.153.164.196
149,Hashim,Fluger,hfluger44@apache.org,Male,116.3.143.214
150,Melvyn,Wilmot,mwilmot45@sitemeter.com,Male,75.27.249.153
151,Rasla,Minkin,rminkin46@123-reg.co.uk,Female,172.163.184.117
152,Cob,Ciciura,cciciura47@slate.com,Male,101.186.234.224
153,Ash,Le Marchant,alemarchant48@netlog.com,Male,24.241.220.153
154,Fanchon,Wardhough,fwardhough49@foxnews.com,Female,136.111.9.44
155,Jo,MacMurray,jmacmurray4a@upenn.edu,Female,244.247.58.246
156,Burch,Gieraths,bgieraths4b@tuttocitta.it,Male,80.246.139.84
157,Mabel,Cornewell,mcornewell4c@epa.gov,Female,125.8.147.115
158,Grange,MacKimm,gmackimm4d@cloudflare.com,Male,228.61.52.181
159,Leoline,Pontefract,lpontefract4e@woothemes.com,Female,22.80.57.127
160,Quentin,Songist,qsongist4f@qq.com,Female,210.230.232.69
161,Walton,Abrahart,wabrahart4g@altervista.org,Male,1.237.8.62
162,Michell,Spring,mspring4h@altervista.org,Female,203.137.135.180
163,Anne,Cudbird,acudbird4i@tinypic.com,Female,232.182.57.125
164,Cami,Clewlow,cclewlow4j@typepad.com,Female,129.113.40.99
165,Cristiano,Dobeson,cdobeson4k@github.io,Male,131.166.183.33
166,Portie,Puddin,ppuddin4l@adobe.com,Male,33.63.186.63
167,Ronny,Cutridge,rcutridge4m@ow.ly,Male,44.201.150.43
168,Heddie,Dax,hdax4n@bbc.co.uk,Female,239.203.211.227
169,Sasha,Sherrard,ssherrard4o@wordpress.com,Male,78.12.82.80
170,Currie,Geraud,cgeraud4p@oracle.com,Male,11.217.28.100
171,Tamera,MacGillivray,tmacgillivray4q@tuttocitta.it,Female,204.226.52.82
172,Janie,Aleshkov,jaleshkov4r@livejournal.com,Female,171.51.36.253
173,Abigail,Solan,asolan4s@cmu.edu,Female,65.68.36.27
174,Verne,Walworche,vwalworche4t@msn.com,Male,249.12.29.157
175,Abbie,Huyche,ahuyche4u@people.com.cn,Male,191.89.163.114
176,Marne,Hinners,mhinners4v@nymag.com,Female,85.138.19.24
177,Kayla,Terzo,kterzo4w@artisteer.com,Female,115.89.155.67
178,Dru,Course,dcourse4x@vinaora.com,Male,130.17.133.205
179,Swen,Wilfling,swilfling4y@princeton.edu,Male,4.117.167.2
180,Ruthann,Ellwood,rellwood4z@t.co,Female,123.239.40.216
181,Scarface,Picford,spicford50@jigsy.com,Genderfluid,167.168.73.143
182,Hi,Townshend,htownshend51@mozilla.com,Male,5.92.60.85
183,Coral,Gribben,cgribben52@myspace.com,Female,203.4.49.121
184,Riki,Skittrell,rskittrell53@berkeley.edu,Female,99.40.129.154
185,Karoline,Peyntue,kpeyntue54@archive.org,Female,22.72.19.200
186,Elsbeth,Withinshaw,ewithinshaw55@usa.gov,Female,16.218.148.120
187,Cary,Cruikshanks,ccruikshanks56@redcross.org,Male,15.235.148.99
188,Katherine,Seif,kseif57@feedburner.com,Female,208.119.196.133
189,Berte,Le Houx,blehoux58@nytimes.com,Female,67.41.216.228
190,Ingunna,Stoke,istoke59@pbs.org,Female,163.246.156.27
191,Riki,Dawbury,rdawbury5a@ibm.com,Female,19.218.252.177
192,Babara,Grammer,bgrammer5b@theguardian.com,Female,201.67.61.175
193,Jervis,Restieaux,jrestieaux5c@purevolume.com,Male,217.113.184.85
194,Astrid,Edlyne,aedlyne5d@prweb.com,Female,20.221.40.111
195,Forbes,Dive,fdive5e@google.cn,Male,127.217.98.3
196,Weber,Seely,wseely5f@bloglovin.com,Male,100.74.53.138
197,Eldridge,Helder,ehelder5g@dropbox.com,Male,204.15.111.2
198,Muhammad,Viles,mviles5h@lulu.com,Male,98.33.82.53
199,Barny,Dannell,bdannell5i@ox.ac.uk,Male,48.251.5.151
200,Adele,Marwick,amarwick5j@un.org,Female,134.91.140.33
201,Reinold,Bunclark,rbunclark5k@miitbeian.gov.cn,Male,123.249.226.221
202,Ernesto,Corneck,ecorneck5l@washingtonpost.com,Male,79.246.64.224
203,Hollie,Brumwell,hbrumwell5m@wunderground.com,Female,131.101.177.38
204,Bryant,Melbourne,bmelbourne5n@blogger.com,Male,252.73.251.117
205,Quent,Mabbs,qmabbs5o@sourceforge.net,Male,40.214.68.220
206,Papagena,Lenthall,plenthall5p@shutterfly.com,Female,97.35.211.118
207,Corbet,Pottiphar,cpottiphar5q@printfriendly.com,Male,43.66.167.212
208,Poul,Kincey,pkincey5r@pcworld.com,Male,42.41.21.11
209,Harlin,Rooson,hrooson5s@reverbnation.com,Male,120.199.233.89
210,Willard,Churches,wchurches5t@redcross.org,Polygender,26.140.8.184
211,Ursola,Birtonshaw,ubirtonshaw5u@a8.net,Non-binary,254.83.136.227
212,Cara,Pepis,cpepis5v@amazon.com,Female,196.181.209.9
213,Manon,Duprey,mduprey5w@uol.com.br,Genderfluid,101.118.192.92
214,Lauren,Truelock,ltruelock5x@yellowpages.com,Female,21.200.136.53
215,Nikola,Mannagh,nmannagh5y@t.co,Male,237.85.15.208
216,Layney,Lauderdale,llauderdale5z@nature.com,Female,48.166.180.147
217,Alene,Karle,akarle60@howstuffworks.com,Female,97.32.249.203
218,Lonnie,Karlik,lkarlik61@pcworld.com,Female,197.1.65.16
219,Devy,Caruth,dcaruth62@skype.com,Male,182.228.245.219
220,Roana,D'Emanuele,rdemanuele63@clickbank.net,Female,151.79.207.156
221,Huberto,Oldham,holdham64@alexa.com,Male,47.28.164.153
222,Torre,Romei,tromei65@google.es,Male,182.74.190.105
223,Dallis,Marwick,dmarwick66@google.ru,Male,38.59.201.40
224,Laurens,Keech,lkeech67@infoseek.co.jp,Male,121.116.146.163
225,Tanitansy,Silcocks,tsilcocks68@over-blog.com,Female,95.102.77.58
226,Gael,Buttery,gbuttery69@tmall.com,Female,125.93.85.227
227,Michal,Hessentaler,mhessentaler6a@hao123.com,Polygender,216.167.136.3
228,Cosette,Crafter,ccrafter6b@sphinn.com,Female,253.114.152.45
229,Kevina,Loughead,kloughead6c@mayoclinic.com,Female,18.83.60.129
230,Hadley,Hynes,hhynes6d@wikipedia.org,Male,109.152.253.165
231,Dex,Albro,dalbro6e@eepurl.com,Male,146.98.108.120
232,Clerc,Gulc,cgulc6f@bloomberg.com,Male,226.39.78.47
233,Darell,Rozea,drozea6g@odnoklassniki.ru,Female,37.34.162.100
234,Ruben,Delort,rdelort6h@people.com.cn,Male,205.238.157.183
235,Anthony,Merveille,amerveille6i@geocities.com,Male,245.73.216.28
236,Flore,Curry,fcurry6j@ning.com,Female,80.169.106.102
237,Kaleena,Alentyev,kalentyev6k@cornell.edu,Female,220.30.83.66
238,Corrine,Jakubowsky,cjakubowsky6l@csmonitor.com,Female,20.130.65.211
239,Mic,Van Zon,mvanzon6m@nasa.gov,Male,21.59.215.59
240,Denney,Miell,dmiell6n@webnode.com,Male,15.207.130.222
241,Madonna,Caulket,mcaulket6o@google.nl,Female,155.19.225.190
242,Rycca,Sleeford,rsleeford6p@jigsy.com,Female,58.82.203.14
243,Bale,Arman,barman6q@webs.com,Male,1.228.80.70
244,Marcelia,Whate,mwhate6r@flavors.me,Non-binary,13.204.223.196
245,Babita,McKendry,bmckendry6s@devhub.com,Polygender,234.3.100.215
246,Jerry,Dinsale,jdinsale6t@phpbb.com,Male,100.51.184.56
247,Hobie,Sclanders,hsclanders6u@com.com,Male,90.78.104.119
248,Lolita,Higbin,lhigbin6v@smh.com.au,Female,38.184.113.133
249,Dorree,Bewick,dbewick6w@mashable.com,Female,19.69.226.248
250,Beulah,Epton,bepton6x@yellowpages.com,Female,29.143.16.57
251,Anett,Cowans,acowans6y@mapy.cz,Female,212.56.102.165
252,Hettie,Camois,hcamois6z@intel.com,Female,90.204.161.241
253,Dukie,Whiten,dwhiten70@japanpost.jp,Male,148.18.132.254
254,Alta,Senten,asenten71@mlb.com,Female,89.221.14.197
255,Laurene,Winfield,lwinfield72@mail.ru,Polygender,15.31.254.29
256,Kristo,Lochran,klochran73@redcross.org,Male,121.53.35.104
257,Nial,Doward,ndoward74@ustream.tv,Male,93.218.76.143
258,Richy,Wanek,rwanek75@si.edu,Male,181.20.50.26
259,Tobye,Droogan,tdroogan76@dot.gov,Female,164.192.228.248
260,Maighdiln,Blanckley,mblanckley77@newyorker.com,Female,232.27.251.242
261,Harper,Tuohy,htuohy78@msn.com,Male,235.147.74.254
262,Teressa,Churches,tchurches79@lycos.com,Female,50.134.170.145
263,Fritz,O' Flaherty,foflaherty7a@yelp.com,Male,18.19.105.75
264,Borg,Padley,bpadley7b@amazonaws.com,Male,215.204.4.48
265,Cosme,Hayfield,chayfield7c@home.pl,Male,174.194.85.152
266,Gabi,Hockey,ghockey7d@narod.ru,Male,205.215.59.82
267,La verne,Tomaini,ltomaini7e@ovh.net,Female,238.82.176.199
268,Humbert,Woolward,hwoolward7f@nbcnews.com,Male,99.131.154.165
269,Nataniel,Laurie,nlaurie7g@hostgator.com,Male,230.226.157.36
270,Sarah,Petkens,spetkens7h@dyndns.org,Female,161.76.225.30
271,Edy,Tregidga,etregidga7i@about.me,Female,221.24.108.87
272,Javier,Preene,jpreene7j@tuttocitta.it,Male,199.57.43.235
273,Julee,Mea,jmea7k@tamu.edu,Female,254.236.186.156
274,Zack,Papaccio,zpapaccio7l@creativecommons.org,Male,234.125.240.146
275,Brennen,Weekes,bweekes7m@wikipedia.org,Male,103.218.246.176
276,Sophi,Maddox,smaddox7n@nasa.gov,Female,11.16.39.231
277,Brice,Braniff,bbraniff7o@epa.gov,Male,170.103.49.145
278,Zebulen,Favill,zfavill7p@stumbleupon.com,Male,219.203.224.219
279,Merrick,Budgey,mbudgey7q@census.gov,Male,173.196.24.123
280,Ruperto,Jakubiak,rjakubiak7r@blogtalkradio.com,Male,228.99.224.108
281,Barnaby,Kivell,bkivell7s@canalblog.com,Male,29.195.168.148
282,Hedwiga,Canero,hcanero7t@ca.gov,Female,67.86.182.69
283,Farrel,Pietranek,fpietranek7u@dell.com,Male,237.8.201.71
284,Ewen,Whybrow,ewhybrow7v@ameblo.jp,Non-binary,35.1.110.198
285,Devina,Hansill,dhansill7w@nps.gov,Female,100.185.26.23
286,Bridie,Privett,bprivett7x@google.fr,Female,195.4.59.215
287,Antonia,Vickerstaff,avickerstaff7y@purevolume.com,Female,18.44.189.57
288,Pippa,Topley,ptopley7z@ibm.com,Bigender,204.56.10.230
289,Sandor,Gyrgorcewicx,sgyrgorcewicx80@pbs.org,Male,112.6.105.140
290,Blondy,Gutteridge,bgutteridge81@clickbank.net,Female,67.106.216.17
291,Eziechiele,Dosedale,edosedale82@businessweek.com,Agender,126.166.208.217
292,Ellis,Shearsby,eshearsby83@geocities.jp,Male,45.122.122.147
293,Elonore,Tansill,etansill84@biglobe.ne.jp,Polygender,187.24.238.94
294,Analise,Janu,ajanu85@blogtalkradio.com,Female,203.154.109.97
295,Margarete,Cartmell,mcartmell86@mysql.com,Female,79.115.160.70
296,Samson,Bedinham,sbedinham87@lulu.com,Male,128.190.104.88
297,Inglebert,Cuzen,icuzen88@netvibes.com,Male,117.80.58.216
298,Karlotta,Cavozzi,kcavozzi89@webmd.com,Female,21.8.237.30
299,Ingemar,Bundy,ibundy8a@arizona.edu,Male,188.84.221.236
300,Crissy,Howel,chowel8b@nba.com,Female,172.97.10.128
301,Blayne,Meysham,bmeysham8c@amazonaws.com,Male,131.3.168.48
302,Clim,Very,cvery8d@ca.gov,Male,6.225.33.118
303,Ibbie,Bellerby,ibellerby8e@de.vu,Female,86.245.223.65
304,Robbie,Plant,rplant8f@1688.com,Male,59.183.233.70
305,Zitella,Wethers,zwethers8g@github.io,Agender,129.27.137.182
306,Christophorus,Brason,cbrason8h@businessweek.com,Male,186.46.107.11
307,Georgette,Decort,gdecort8i@psu.edu,Female,183.164.34.48
308,Orsa,Syncke,osyncke8j@statcounter.com,Female,158.206.247.194
309,Cyndi,Scoggans,cscoggans8k@marketwatch.com,Female,43.7.104.236
310,Quintus,Havvock,qhavvock8l@vkontakte.ru,Male,49.248.136.123
311,Ingram,Pirot,ipirot8m@marketwatch.com,Male,63.220.155.198
312,Starlin,Renne,srenne8n@drupal.org,Female,145.80.197.180
313,Roley,Schulz,rschulz8o@cdbaby.com,Male,98.146.47.144
314,Mathias,Berrow,mberrow8p@alexa.com,Male,112.124.6.166
315,Demetre,Rennison,drennison8q@weibo.com,Male,209.168.39.123
316,Randene,Milmore,rmilmore8r@qq.com,Female,41.170.183.10
317,Towny,Simion,tsimion8s@rediff.com,Male,142.77.52.243
318,Eadith,Steet,esteet8t@jugem.jp,Female,78.21.251.117
319,Briant,Cheshir,bcheshir8u@seattletimes.com,Male,237.96.77.110
320,Corrie,Danford,cdanford8v@rambler.ru,Male,211.124.204.217
321,Karl,McEttigen,kmcettigen8w@toplist.cz,Male,100.74.50.150
322,Robers,Yuryatin,ryuryatin8x@tripod.com,Male,253.113.244.151
323,Carce,Semper,csemper8y@usda.gov,Male,216.198.225.37
324,Noreen,Vasilmanov,nvasilmanov8z@utexas.edu,Female,69.176.99.74
325,Barde,Hardie,bhardie90@goo.gl,Male,17.101.15.19
326,Vidovic,Juan,vjuan91@phoca.cz,Male,35.38.15.216
327,Ricki,Quinnelly,rquinnelly92@wisc.edu,Male,142.145.154.136
328,Vaughn,Brewin,vbrewin93@dailymail.co.uk,Polygender,195.211.251.169
329,Randolph,Bestall,rbestall94@mail.ru,Male,109.203.85.187
330,Zachary,Walicki,zwalicki95@mtv.com,Male,103.155.219.255
331,Brewer,O'Hannigan,bohannigan96@deliciousdays.com,Male,61.33.158.247
332,Mahmud,Edmund,medmund97@altervista.org,Male,220.142.147.212
333,Edan,Aylesbury,eaylesbury98@nature.com,Male,2.57.38.146
334,Jillian,Josipovitz,jjosipovitz99@fc2.com,Female,132.65.110.159
335,Haley,Merner,hmerner9a@marriott.com,Female,142.209.176.198
336,Demetris,Deegin,ddeegin9b@tripod.com,Female,141.201.62.102
337,Stafford,Whittlesee,swhittlesee9c@smh.com.au,Male,225.107.29.5
338,Shay,Heinecke,sheinecke9d@drupal.org,Female,247.232.247.154
339,Inna,Towlson,itowlson9e@google.com.hk,Female,235.129.53.171
340,Manon,Sibylla,msibylla9f@so-net.ne.jp,Female,187.64.159.20
341,Hervey,Warrick,hwarrick9g@yandex.ru,Male,127.84.220.6
342,Pauly,Feathers,pfeathers9h@techcrunch.com,Male,79.218.15.254
343,Pepillo,Hayer,phayer9i@biblegateway.com,Male,184.79.24.229
344,Elka,Frango,efrango9j@sogou.com,Polygender,83.31.165.193
345,Matilda,Corona,mcorona9k@java.com,Agender,112.139.198.25
346,Dana,McArley,dmcarley9l@delicious.com,Female,50.35.135.228
347,Brandi,Morales,bmorales9m@nsw.gov.au,Female,198.197.20.171
348,Garold,Battrick,gbattrick9n@bluehost.com,Male,69.7.77.27
349,Blythe,Cloke,bcloke9o@digg.com,Female,119.180.103.159
350,Ferdy,Daft,fdaft9p@addthis.com,Male,237.176.86.225
351,Murdock,Aitcheson,maitcheson9q@twitpic.com,Male,220.164.132.36
352,Ekaterina,Puckett,epuckett9r@toplist.cz,Bigender,199.83.78.163
353,Ringo,Velareal,rvelareal9s@google.ru,Male,128.34.127.63
354,Cthrine,Leeburn,cleeburn9t@cam.ac.uk,Female,171.47.128.22
355,Allard,Goodwyn,agoodwyn9u@4shared.com,Male,14.151.201.102
356,Miquela,Sanpher,msanpher9v@bloglovin.com,Female,113.25.21.209
357,Markus,Morton,mmorton9w@mit.edu,Male,179.41.191.113
358,Augustin,Lester,alester9x@hexun.com,Male,119.95.67.159
359,Yalonda,Livingstone,ylivingstone9y@sourceforge.net,Female,77.111.111.74
360,Susanna,Cardenas,scardenas9z@gravatar.com,Female,37.255.38.127
361,Graham,Keeler,gkeelera0@rambler.ru,Male,150.154.4.178
362,Robinetta,Bruntje,rbruntjea1@moonfruit.com,Female,164.66.150.41
363,Caralie,Episcopio,cepiscopioa2@people.com.cn,Female,5.245.37.156
364,Vi,Haggis,vhaggisa3@instagram.com,Female,224.28.118.237
365,Juline,Lockhart,jlockharta4@japanpost.jp,Female,219.221.143.194
366,Eliot,Vondracek,evondraceka5@slideshare.net,Male,174.123.57.94
367,Mallory,Isack,misacka6@ted.com,Male,204.39.202.58
368,Melinda,Mullen,mmullena7@deliciousdays.com,Genderfluid,244.219.2.114
369,Walden,Powelee,wpoweleea8@spiegel.de,Male,39.103.49.217
370,Gus,Gadsdon,ggadsdona9@buzzfeed.com,Male,221.34.252.114
371,Meg,Winscum,mwinscumaa@tmall.com,Female,13.49.106.248
372,Davita,Ryce,dryceab@meetup.com,Female,185.176.161.221
373,Gaynor,Sturgeon,gsturgeonac@mozilla.org,Female,142.151.44.179
374,Janey,Stuart,jstuartad@sogou.com,Female,27.33.164.188
375,Jesselyn,Peasgood,jpeasgoodae@gmpg.org,Female,182.62.123.11
376,Clarance,Macbeth,cmacbethaf@tumblr.com,Male,10.33.37.100
377,Domenic,Cicullo,dciculloag@indiatimes.com,Male,79.146.40.157
378,Mallory,Duxfield,mduxfieldah@yelp.com,Male,238.83.141.67
379,Seamus,Le Provest,sleprovestai@google.ru,Male,213.49.162.42
380,Carlee,Patton,cpattonaj@indiatimes.com,Female,98.166.161.88
381,Ester,Benedetti,ebenedettiak@woothemes.com,Female,124.112.39.22
382,Karie,Grave,kgraveal@youtube.com,Female,90.181.179.238
383,Benni,Oak,boakam@mail.ru,Female,179.32.101.77
384,Carree,McCard,cmccardan@joomla.org,Female,3.140.248.69
385,Murial,Filyakov,mfilyakovao@google.ru,Polygender,27.5.83.205
386,Rozele,Georger,rgeorgerap@ucla.edu,Female,125.188.70.127
387,Fremont,Burden,fburdenaq@apple.com,Male,95.139.38.213
388,Carlie,Aubury,cauburyar@cdbaby.com,Female,3.58.179.37
389,Early,Erlam,eerlamas@state.gov,Male,53.119.51.228
390,Rand,Studdert,rstuddertat@columbia.edu,Male,182.134.216.125
391,Elmo,Bingley,ebingleyau@qq.com,Male,6.127.201.208
392,Orren,Melanaphy,omelanaphyav@gov.uk,Male,34.15.102.92
393,Roobbie,Moorfield,rmoorfieldaw@tamu.edu,Female,207.6.250.201
394,Christiano,Rosengren,crosengrenax@ifeng.com,Male,27.135.21.251
395,Sella,Devin,sdevinay@list-manage.com,Female,12.153.230.102
396,Gardiner,Lawlor,glawloraz@shareasale.com,Male,125.93.228.123
397,Kermie,Ladlow,kladlowb0@scribd.com,Male,38.64.69.8
398,Russ,Paprotny,rpaprotnyb1@scientificamerican.com,Male,76.190.144.116
399,Bea,Elland,bellandb2@upenn.edu,Female,183.6.130.194
400,Chancey,MacCaughey,cmaccaugheyb3@washington.edu,Male,65.109.166.145
401,Heddi,Mewe,hmeweb4@people.com.cn,Female,129.166.51.18
402,Tedman,Girkins,tgirkinsb5@tinypic.com,Male,202.113.75.112
403,Iseabal,Duferie,iduferieb6@google.fr,Female,72.124.28.177
404,Xavier,Cersey,xcerseyb7@woothemes.com,Male,164.66.68.3
405,Brandtr,Polgreen,bpolgreenb8@engadget.com,Male,140.208.228.122
406,Kamillah,Howley,khowleyb9@buzzfeed.com,Female,63.190.90.232
407,Sandor,Coils,scoilsba@dyndns.org,Male,82.208.223.252
408,Tally,Stansbie,tstansbiebb@google.nl,Female,35.253.223.184
409,Kean,Nekrews,knekrewsbc@mozilla.com,Male,245.240.226.110
410,Mame,Chotty,mchottybd@google.ca,Bigender,99.191.92.192
411,Cassie,Bowes,cbowesbe@sitemeter.com,Male,170.118.193.48
412,Brander,Darragon,bdarragonbf@sakura.ne.jp,Male,253.199.45.12
413,Maxie,Fisbburne,mfisbburnebg@uiuc.edu,Male,3.227.130.63
414,Tresa,Bankhurst,tbankhurstbh@loc.gov,Genderfluid,170.98.239.187
415,Wendye,Cuddehay,wcuddehaybi@apache.org,Agender,96.53.98.59
416,Addie,Firle,afirlebj@chicagotribune.com,Male,75.60.106.90
417,Janet,Phillot,jphillotbk@prnewswire.com,Female,223.11.118.144
418,Elisabet,Paute,epautebl@mit.edu,Genderfluid,213.192.40.239
419,Darrell,O'Lennane,dolennanebm@twitter.com,Agender,252.181.68.79
420,Noel,Matusson,nmatussonbn@pcworld.com,Female,2.195.38.69
421,Georgia,Zanetello,gzanetellobo@wufoo.com,Female,126.55.138.232
422,Agatha,Lochhead,alochheadbp@cnn.com,Female,145.35.129.109
423,Cristabel,Tombleson,ctomblesonbq@unicef.org,Female,219.151.132.12
424,Salem,Fetterplace,sfetterplacebr@fastcompany.com,Male,180.173.190.244
425,Misha,Khrishtafovich,mkhrishtafovichbs@vinaora.com,Female,162.133.44.131
426,Virgie,Donaghy,vdonaghybt@rambler.ru,Female,218.129.37.230
427,Jerrylee,Corran,jcorranbu@google.com.br,Female,117.235.149.111
428,Ramonda,Bluschke,rbluschkebv@networksolutions.com,Female,169.136.136.167
429,Margareta,MacGow,mmacgowbw@noaa.gov,Female,27.179.47.66
430,Amata,Radleigh,aradleighbx@ucsd.edu,Female,38.170.121.227
431,Andrea,Govey,agoveyby@mayoclinic.com,Male,86.209.182.138
432,Van,Smickle,vsmicklebz@diigo.com,Male,46.167.228.93
433,Erhard,Kilcullen,ekilcullenc0@soundcloud.com,Male,211.138.93.112
434,Shayla,Beldom,sbeldomc1@pbs.org,Female,79.83.26.221
435,Ham,Hewins,hhewinsc2@skype.com,Male,75.19.215.222
436,Marlie,Pollastrino,mpollastrinoc3@bloglovin.com,Female,221.209.198.236
437,Oralee,Statton,ostattonc4@reference.com,Female,98.64.9.180
438,Sonja,Stanislaw,sstanislawc5@time.com,Female,220.34.97.155
439,Clarie,Ovenell,covenellc6@ehow.com,Female,246.206.57.77
440,Jamal,Palfrie,jpalfriec7@wordpress.com,Male,217.113.136.59
441,Jordon,Daenen,jdaenenc8@wsj.com,Male,122.28.81.211
442,Coretta,Billie,cbilliec9@boston.com,Female,93.116.54.65
443,Jereme,Villiers,jvilliersca@sciencedirect.com,Male,188.40.34.54
444,Douglas,Breache,dbreachecb@i2i.jp,Male,180.23.121.52
445,Corrine,Breese,cbreesecc@ifeng.com,Female,41.26.105.172
446,Ferris,Joan,fjoancd@trellian.com,Male,160.91.92.161
447,Joyan,Demougeot,jdemougeotce@topsy.com,Female,9.159.24.72
448,Maximilian,Wrightim,mwrightimcf@tinyurl.com,Male,3.176.117.172
449,Ursulina,Blabber,ublabbercg@ow.ly,Female,8.185.200.178
450,Beverly,Redemile,bredemilech@google.it,Female,39.10.40.253
451,Constancia,Mattevi,cmattevici@privacy.gov.au,Female,111.235.12.91
452,Cheryl,Foxley,cfoxleycj@nba.com,Bigender,59.9.12.51
453,Tiphany,McCraw,tmccrawck@slate.com,Female,5.7.235.53
454,Frederique,Krahl,fkrahlcl@seattletimes.com,Female,125.206.5.139
455,Myrna,Glawsop,mglawsopcm@goodreads.com,Female,156.65.227.207
456,Rozelle,Franceschi,rfranceschicn@istockphoto.com,Female,46.53.207.53
457,Erv,Conry,econryco@webnode.com,Male,13.146.246.152
458,Lia,Linn,llinncp@bbc.co.uk,Female,10.138.218.112
459,Alphard,Stonman,astonmancq@techcrunch.com,Male,35.253.122.144
460,Etan,Maddy,emaddycr@shutterfly.com,Male,212.82.158.239
461,Evonne,Veque,evequecs@freewebs.com,Female,133.255.134.207
462,Lonee,Anney,lanneyct@nbcnews.com,Female,239.163.130.60
463,Jethro,Grayley,jgrayleycu@google.cn,Male,17.202.129.232
464,Malachi,Flaverty,mflavertycv@cmu.edu,Male,24.210.39.35
465,Chuck,Westney,cwestneycw@dropbox.com,Male,119.133.36.89
466,Bambie,Bletso,bbletsocx@stanford.edu,Female,224.132.207.240
467,Carmon,Brabon,cbraboncy@gnu.org,Female,219.69.253.14
468,Benedick,Pullman,bpullmancz@mapquest.com,Male,179.136.39.109
469,Adolpho,Orum,aorumd0@mail.ru,Male,108.71.148.30
470,Rebbecca,Pockett,rpockettd1@census.gov,Female,234.173.162.107
471,Freddie,Inglefield,finglefieldd2@people.com.cn,Female,171.219.67.96
472,Stesha,Mabb,smabbd3@usa.gov,Female,184.224.34.54
473,Shay,Rehor,srehord4@apple.com,Female,114.22.159.69
474,Gordy,Erik,gerikd5@wisc.edu,Male,225.224.225.194
475,Patin,Renachowski,prenachowskid6@purevolume.com,Male,15.96.142.196
476,Millicent,Pruce,mpruced7@telegraph.co.uk,Female,230.207.146.23
477,Etta,Khoter,ekhoterd8@stanford.edu,Female,235.242.5.161
478,Vasili,McGinn,vmcginnd9@disqus.com,Male,237.210.164.217
479,Alvera,Gorton,agortonda@toplist.cz,Female,122.2.84.30
480,Brett,Doogue,bdooguedb@google.pl,Male,84.159.192.61
481,Barrie,Baine,bbainedc@phoca.cz,Female,105.90.165.186
482,Yule,Fray,yfraydd@lulu.com,Male,70.227.131.97
483,Barth,Benit,bbenitde@bluehost.com,Male,243.129.12.141
484,Maryanne,Matterson,mmattersondf@census.gov,Non-binary,84.219.75.6
485,Hiram,Wynrahame,hwynrahamedg@plala.or.jp,Male,104.210.54.192
486,Alanah,Stelfax,astelfaxdh@diigo.com,Bigender,179.111.111.195
487,Ceciley,Iacovozzo,ciacovozzodi@unc.edu,Female,204.239.181.192
488,Ardis,Ely,aelydj@upenn.edu,Polygender,125.214.199.102
489,Early,Eltune,eeltunedk@dedecms.com,Male,201.241.51.252
490,Rois,Ede,rededl@flickr.com,Female,130.2.121.85
491,Dur,Brounfield,dbrounfielddm@vk.com,Male,23.49.241.131
492,Frazier,Staniland,fstanilanddn@netvibes.com,Male,106.192.17.19
493,Valery,MacEveley,vmaceveleydo@imdb.com,Female,68.96.96.225
494,Nadia,Sturdy,nsturdydp@sciencedaily.com,Female,237.104.58.190
495,Raffaello,Glasby,rglasbydq@unc.edu,Polygender,138.67.249.148
496,Tann,Doggart,tdoggartdr@wp.com,Male,237.247.154.57
497,Vonni,Marlon,vmarlonds@census.gov,Female,98.166.87.32
498,Evie,Feldmann,efeldmanndt@ifeng.com,Female,136.24.95.211
499,Esmeralda,Salasar,esalasardu@exblog.jp,Female,208.86.143.36
500,Brendon,Dalman,bdalmandv@4shared.com,Male,244.105.226.179
501,Shelley,Klessmann,sklessmanndw@ucsd.edu,Female,15.132.146.92
502,Chevy,Vigus,cvigusdx@hc360.com,Male,138.172.166.182
503,Farica,Schwandermann,fschwandermanndy@psu.edu,Female,252.31.113.53
504,Jamal,Lightoller,jlightollerdz@xing.com,Male,17.99.179.8
505,Marin,Grimmolby,mgrimmolbye0@squarespace.com,Female,194.229.19.193
506,Eba,Hawgood,ehawgoode1@fda.gov,Female,218.54.141.191
507,Claudetta,Faivre,cfaivree2@angelfire.com,Female,14.21.112.11
508,Davidde,Carmen,dcarmene3@t.co,Male,210.177.202.197
509,Clemmie,Astill,castille4@wikia.com,Male,225.168.43.121
510,Wynnie,Cockney,wcockneye5@jiathis.com,Female,24.87.142.164
511,Demetrius,Bisset,dbissete6@google.de,Polygender,252.151.65.121
512,Lola,Faires,lfairese7@feedburner.com,Female,165.78.177.110
513,Virgil,Poytress,vpoytresse8@dot.gov,Male,238.193.0.33
514,Mary,Ciccottio,mciccottioe9@tiny.cc,Female,57.167.6.134
515,Drugi,Stainburn,dstainburnea@sakura.ne.jp,Male,138.134.50.99
516,Ikey,MacAnellye,imacanellyeeb@pen.io,Male,128.64.69.178
517,Mannie,Bruineman,mbruinemanec@topsy.com,Male,155.205.231.65
518,Devy,Esplin,desplined@nytimes.com,Male,164.88.241.219
519,Rowan,Morlon,rmorlonee@creativecommons.org,Male,248.108.252.116
520,Gerri,Bernette,gbernetteef@clickbank.net,Female,137.144.158.229
521,Beale,Brabender,bbrabendereg@columbia.edu,Male,213.184.159.11
522,Buck,Mohamed,bmohamedeh@cafepress.com,Bigender,131.53.120.27
523,Sauncho,Driffe,sdriffeei@tripod.com,Male,54.203.59.8
524,Cathe,Pickworth,cpickworthej@imdb.com,Female,37.227.94.116
525,Kikelia,Tamblingson,ktamblingsonek@t-online.de,Female,76.234.106.245
526,Krispin,Francescoccio,kfrancescoccioel@addtoany.com,Male,228.43.4.182
527,Amble,Raiker,araikerem@wikimedia.org,Male,127.15.248.207
528,Pinchas,Vallentin,pvallentinen@webmd.com,Male,107.70.29.246
529,Thatch,Skipper,tskippereo@ox.ac.uk,Male,216.167.179.206
530,Mallory,Thorogood,mthorogoodep@mtv.com,Genderfluid,32.60.22.255
531,Elnora,Bedbrough,ebedbrougheq@plala.or.jp,Female,206.94.101.228
532,Kearney,Pinch,kpincher@cdbaby.com,Male,87.234.164.241
533,Rianon,Pirrie,rpirriees@php.net,Female,43.84.48.41
534,Amara,Hursthouse,ahursthouseet@cnbc.com,Female,186.251.60.255
535,Tamara,Bilham,tbilhameu@oakley.com,Female,207.77.9.81
536,Fanya,Schiersch,fschierschev@wiley.com,Female,87.164.10.175
537,Tildi,Kures,tkuresew@behance.net,Female,247.50.66.107
538,Phebe,Querrard,pquerrardex@netvibes.com,Female,211.80.65.101
539,Hercule,Patters,hpattersey@delicious.com,Male,68.188.119.189
540,Ephrayim,Nevinson,enevinsonez@seesaa.net,Male,110.55.117.25
541,Candace,Bounds,cboundsf0@stumbleupon.com,Female,17.121.240.106
542,Augustine,Yankeev,ayankeevf1@ted.com,Female,217.129.245.233
543,Natividad,Di Napoli,ndinapolif2@google.cn,Female,183.103.145.174
544,Perrine,Bristoe,pbristoef3@hostgator.com,Female,224.55.207.47
545,Lilian,Barthrup,lbarthrupf4@youtu.be,Female,25.230.248.2
546,Lucien,Accum,laccumf5@scientificamerican.com,Male,154.123.132.237
547,Shayne,Parcell,sparcellf6@xing.com,Female,162.82.170.143
548,Antoinette,Fittis,afittisf7@1und1.de,Female,12.234.78.22
549,Sebastien,Rainbird,srainbirdf8@gravatar.com,Male,235.53.82.78
550,Lynnett,Bratcher,lbratcherf9@mtv.com,Genderqueer,132.190.30.188
551,Mickey,Monkleigh,mmonkleighfa@mediafire.com,Male,174.170.83.114
552,Katy,Ambrogelli,kambrogellifb@sfgate.com,Female,233.242.74.201
553,Gaylord,Jerrom,gjerromfc@soup.io,Male,53.66.169.88
554,Kellina,Nellen,knellenfd@nhs.uk,Female,224.237.86.192
555,Seth,Shales,sshalesfe@wikipedia.org,Male,206.255.216.75
556,Carol,Abramowsky,cabramowskyff@imageshack.us,Female,54.164.231.117
557,Conn,Elijahu,celijahufg@i2i.jp,Male,250.9.139.142
558,Wini,Ehrat,wehratfh@hp.com,Female,187.141.174.227
559,Marijo,Sprules,msprulesfi@forbes.com,Female,201.80.166.183
560,Berthe,Pudner,bpudnerfj@constantcontact.com,Female,122.252.43.114
561,Maud,Jacobsz,mjacobszfk@oracle.com,Female,95.62.220.17
562,Hendrika,Pepon,hpeponfl@webs.com,Female,136.179.90.10
563,Wilbur,Arnal,warnalfm@epa.gov,Male,211.254.241.128
564,Dion,Cummings,dcummingsfn@bigcartel.com,Female,211.193.228.52
565,Goldina,Ben,gbenfo@goo.gl,Female,194.7.19.144
566,Cristine,Defau,cdefaufp@altervista.org,Female,86.92.133.174
567,Yehudit,MacCrann,ymaccrannfq@e-recht24.de,Male,199.255.48.207
568,Pippo,Tallis,ptallisfr@nhs.uk,Male,34.155.204.181
569,Monah,McGavin,mmcgavinfs@arstechnica.com,Female,9.152.214.86
570,Verla,Grahl,vgrahlft@sogou.com,Female,99.146.111.186
571,Ann-marie,Phillott,aphillottfu@webs.com,Female,77.6.190.45
572,Carma,Kolakowski,ckolakowskifv@mac.com,Female,246.66.113.123
573,Daisey,Harback,dharbackfw@webeden.co.uk,Female,162.113.250.20
574,Kim,Mc Dermid,kmcdermidfx@imgur.com,Bigender,250.87.175.171
575,Winonah,Luety,wluetyfy@wikispaces.com,Female,91.19.215.102
576,Danie,Baline,dbalinefz@mtv.com,Male,24.115.174.33
577,Celinka,Allott,callottg0@feedburner.com,Female,53.252.0.51
578,Leilah,Robbins,lrobbinsg1@bluehost.com,Female,123.162.124.133
579,Sonnnie,Poulsum,spoulsumg2@nih.gov,Female,16.14.49.16
580,Torrance,Kernock,tkernockg3@spotify.com,Male,176.94.4.65
581,Alvis,Aizikov,aaizikovg4@angelfire.com,Male,31.35.222.219
582,Virge,Girardi,vgirardig5@businessinsider.com,Male,213.69.6.249
583,Maxie,Jorger,mjorgerg6@archive.org,Male,135.213.234.6
584,Britte,Bullene,bbulleneg7@unesco.org,Female,31.226.147.46
585,Frederica,Derr,fderrg8@telegraph.co.uk,Female,212.233.232.46
586,Janel,Laidlow,jlaidlowg9@washingtonpost.com,Female,27.238.128.64
587,Daron,Christophers,dchristophersga@salon.com,Female,35.103.131.14
588,Harv,Ventom,hventomgb@usatoday.com,Male,183.13.114.17
589,Lonnard,O' Sullivan,losullivangc@ebay.com,Male,250.131.21.22
590,Pierson,Rillstone,prillstonegd@feedburner.com,Male,110.129.255.10
591,Maitilde,Kellogg,mkelloggge@diigo.com,Female,80.40.24.207
592,Fran,McKomb,fmckombgf@zimbio.com,Male,224.6.193.195
593,Hyatt,Merali,hmeraligg@omniture.com,Male,130.89.16.127
594,Alissa,Beneteau,abeneteaugh@epa.gov,Female,87.189.115.72
595,Frederigo,Undrill,fundrillgi@about.me,Male,78.60.15.119
596,Isadore,Gerger,igergergj@slate.com,Male,58.56.61.180
597,Patrice,Dyble,pdyblegk@prnewswire.com,Male,152.215.198.87
598,Hyacinthie,Alexandrou,halexandrougl@tamu.edu,Female,167.63.237.175
599,Sydney,Desforges,sdesforgesgm@ask.com,Female,239.151.57.154
600,Tamarra,Prangle,tpranglegn@google.it,Female,117.63.159.207
601,Harbert,Woolward,hwoolwardgo@mediafire.com,Male,52.25.75.241
602,Benjy,Carnie,bcarniegp@smh.com.au,Bigender,240.133.139.199
603,Katheryn,Lermit,klermitgq@japanpost.jp,Female,242.114.188.57
604,Hilary,Danilyuk,hdanilyukgr@vinaora.com,Female,91.156.243.22
605,Leontine,Tofanelli,ltofanelligs@sakura.ne.jp,Female,75.104.155.164
606,Werner,Putten,wputtengt@usnews.com,Male,113.32.240.120
607,Raviv,Rutt,rruttgu@narod.ru,Male,18.10.36.166
608,Rosetta,Spowart,rspowartgv@sogou.com,Female,233.157.151.30
609,Tuesday,Bleazard,tbleazardgw@flickr.com,Female,42.247.114.152
610,Harwilll,Dimitrov,hdimitrovgx@tinypic.com,Male,24.149.70.107
611,Mickey,Pudding,mpuddinggy@businesswire.com,Male,175.132.192.121
612,Mandy,Lippitt,mlippittgz@mozilla.org,Female,54.211.212.113
613,Gilberto,Dederick,gdederickh0@vistaprint.com,Polygender,137.72.73.63
614,Marguerite,Verma,mvermah1@discuz.net,Female,85.224.148.12
615,Lester,Leftly,lleftlyh2@hexun.com,Male,221.207.143.196
616,Nicholle,Kiossel,nkiosselh3@samsung.com,Female,188.57.235.9
617,Cloe,Galbreth,cgalbrethh4@cafepress.com,Female,197.255.76.147
618,Rodge,Domaschke,rdomaschkeh5@blinklist.com,Male,216.119.231.36
619,Kristan,French,kfrenchh6@histats.com,Bigender,177.102.124.137
620,Valera,Rodgier,vrodgierh7@miibeian.gov.cn,Female,132.247.145.91
621,Allistir,Godier,agodierh8@4shared.com,Male,250.166.28.36
622,Sadella,Advani,sadvanih9@cbc.ca,Female,31.196.62.76
623,Brion,Mulcahy,bmulcahyha@kickstarter.com,Male,216.192.190.71
624,Olwen,Genney,ogenneyhb@ustream.tv,Bigender,240.34.2.163
625,Pearce,Petersen,ppetersenhc@cbslocal.com,Male,34.252.110.74
626,Jaquith,Chettoe,jchettoehd@sphinn.com,Female,77.173.32.236
627,Regina,Billson,rbillsonhe@mediafire.com,Female,55.1.45.2
628,Mattie,Jocelyn,mjocelynhf@flickr.com,Male,122.179.44.228
629,Morse,Leyre,mleyrehg@merriam-webster.com,Male,176.91.127.2
630,Maddy,Crampsey,mcrampseyhh@amazon.co.jp,Female,83.180.218.36
631,Thorvald,Markl,tmarklhi@gravatar.com,Male,151.208.63.137
632,Devin,Gownge,dgowngehj@kickstarter.com,Male,239.84.25.245
633,Harmonia,Spottswood,hspottswoodhk@comsenz.com,Female,92.233.103.32
634,Neale,Souley,nsouleyhl@weebly.com,Male,150.104.249.137
635,Dame,Bennitt,dbennitthm@wufoo.com,Male,165.111.15.14
636,Ulric,Huggett,uhuggetthn@blinklist.com,Male,11.52.162.165
637,Fraze,Van der Mark,fvandermarkho@discovery.com,Bigender,137.15.94.9
638,Urbain,Dowthwaite,udowthwaitehp@vistaprint.com,Male,249.154.173.148
639,Palmer,Szymonowicz,pszymonowiczhq@psu.edu,Male,70.205.171.209
640,Hogan,McKeag,hmckeaghr@newsvine.com,Male,67.11.137.228
641,Alfy,Camplin,acamplinhs@indiatimes.com,Male,73.159.118.100
642,Sophia,Crosser,scrosserht@hostgator.com,Female,156.86.169.249
643,Granger,Dalziell,gdalziellhu@cornell.edu,Male,114.90.171.68
644,Elvina,Josilevich,ejosilevichhv@dyndns.org,Female,228.18.23.60
645,Pacorro,Summerfield,psummerfieldhw@flickr.com,Male,92.9.154.90
646,Iosep,Yorkston,iyorkstonhx@nsw.gov.au,Male,167.119.226.254
647,Loria,Ziemsen,lziemsenhy@ucsd.edu,Female,184.216.129.60
648,Lurette,Chaff,lchaffhz@tripod.com,Female,24.126.18.35
649,Jamima,Leat,jleati0@newsvine.com,Female,105.129.248.17
650,Ainslee,Beyn,abeyni1@un.org,Female,42.167.149.171
651,Paige,Boulstridge,pboulstridgei2@cnn.com,Female,128.108.186.214
652,Reinhold,Hinkensen,rhinkenseni3@gov.uk,Male,79.144.145.247
653,Cissy,Southway,csouthwayi4@gravatar.com,Female,253.196.85.187
654,Thornie,Dallas,tdallasi5@usnews.com,Male,5.200.200.240
655,Alan,Errett,aerretti6@cbslocal.com,Male,132.191.184.195
656,Ricky,Schach,rschachi7@pagesperso-orange.fr,Male,97.155.201.199
657,Emmalee,Pincked,epinckedi8@altervista.org,Female,6.12.205.14
658,Starla,Littlejohn,slittlejohni9@umn.edu,Bigender,200.158.27.250
659,Janene,Egdal,jegdalia@printfriendly.com,Genderqueer,176.89.230.181
660,Ignatius,Trenholme,itrenholmeib@wix.com,Male,29.86.58.10
661,Sergio,Dennington,sdenningtonic@ebay.co.uk,Male,7.123.18.40
662,Queenie,Tinsley,qtinsleyid@va.gov,Female,129.207.55.129
663,Maison,Bolam,mbolamie@w3.org,Male,91.240.240.170
664,Conny,Upcott,cupcottif@pagesperso-orange.fr,Male,84.100.252.233
665,Silvano,Stobbe,sstobbeig@google.com,Male,215.178.152.42
666,Elnore,Sains,esainsih@slideshare.net,Female,96.73.12.3
667,Karel,Lacey,klaceyii@google.co.jp,Male,3.236.226.85
668,Boony,MacMenamin,bmacmenaminij@squidoo.com,Male,30.176.11.20
669,Grenville,Gales,ggalesik@xrea.com,Male,236.10.44.61
670,Jen,Pendlington,jpendlingtonil@cnet.com,Genderfluid,70.223.186.233
671,Aurelea,McGuirk,amcguirkim@springer.com,Female,3.103.4.39
672,Crin,Lough,cloughin@omniture.com,Female,144.155.133.119
673,Jackquelin,Megroff,jmegroffio@mashable.com,Female,96.137.59.223
674,Nevin,Oliphand,noliphandip@zdnet.com,Male,14.183.191.218
675,Tod,Eggleson,tegglesoniq@amazon.de,Male,89.247.106.29
676,Leonerd,Scrimgeour,lscrimgeourir@tripadvisor.com,Male,65.126.239.239
677,Dore,Laise,dlaiseis@issuu.com,Male,208.95.132.146
678,Julianne,Jaquest,jjaquestit@diigo.com,Female,222.254.68.133
679,Halsey,Ledes,hledesiu@clickbank.net,Non-binary,64.62.148.232
680,Grove,Enbury,genburyiv@engadget.com,Male,145.254.73.251
681,Damon,Guidelli,dguidelliiw@statcounter.com,Male,173.62.187.114
682,Kit,Sharrem,ksharremix@e-recht24.de,Male,95.181.140.168
683,Zach,Ateridge,zateridgeiy@deliciousdays.com,Male,214.120.29.131
684,Beret,O'Crevan,bocrevaniz@chron.com,Female,173.181.255.28
685,Yehudit,Church,ychurchj0@instagram.com,Male,3.225.117.197
686,Reamonn,Dimitriades,rdimitriadesj1@blinklist.com,Male,177.146.158.120
687,Glory,Blanch,gblanchj2@businessinsider.com,Female,121.2.209.50
688,Dory,Wooffitt,dwooffittj3@msu.edu,Genderqueer,76.222.241.2
689,Billi,Wadwell,bwadwellj4@cornell.edu,Female,204.1.9.235
690,Zorine,Pineaux,zpineauxj5@webmd.com,Female,165.138.107.214
691,Jessalin,Sheber,jsheberj6@wisc.edu,Female,210.21.198.75
692,Rosaline,Emblin,remblinj7@netvibes.com,Female,152.73.73.90
693,Georges,Pierce,gpiercej8@icq.com,Male,108.99.57.211
694,Casey,Blinco,cblincoj9@nifty.com,Female,101.168.194.238
695,Silva,Annice,sanniceja@oracle.com,Agender,196.119.105.74
696,Chadd,Scranney,cscranneyjb@umich.edu,Male,111.118.167.215
697,Berta,Ambrogioni,bambrogionijc@devhub.com,Female,141.165.143.2
698,Hunt,Morot,hmorotjd@boston.com,Male,231.117.113.218
699,Jackie,Walrond,jwalrondje@biblegateway.com,Female,80.66.160.251
700,Ardra,Mully,amullyjf@unc.edu,Female,108.21.158.18
701,Adrienne,Dunbleton,adunbletonjg@meetup.com,Female,188.12.104.122
702,Franz,Aleksich,faleksichjh@yolasite.com,Male,90.55.66.13
703,Russell,Paynton,rpayntonji@independent.co.uk,Male,20.131.171.180
704,Maryanne,Gorvette,mgorvettejj@accuweather.com,Female,3.78.210.11
705,Cyril,Flott,cflottjk@constantcontact.com,Male,121.32.128.142
706,Lionel,Cheke,lchekejl@google.pl,Male,180.154.147.138
707,Kylie,Edgington,kedgingtonjm@vistaprint.com,Male,180.36.243.117
708,Conant,Curcher,ccurcherjn@furl.net,Non-binary,194.14.62.21
709,Fitz,Rannald,frannaldjo@amazon.com,Male,215.47.228.234
710,Philipa,Addinall,paddinalljp@seesaa.net,Female,148.34.242.255
711,Lucais,Towns,ltownsjq@wikia.com,Male,239.126.50.215
712,Wilbur,Bottinelli,wbottinellijr@joomla.org,Male,214.239.24.96
713,Vito,Karel,vkareljs@fema.gov,Male,250.78.224.105
714,Keelby,Branney,kbranneyjt@geocities.jp,Male,192.7.247.233
715,Remus,Itzik,ritzikju@reverbnation.com,Male,84.154.113.165
716,Leola,Shelsher,lshelsherjv@xing.com,Female,76.163.59.21
717,Gannie,Lowther,glowtherjw@yale.edu,Male,211.254.84.156
718,Wilbert,Seiller,wseillerjx@nifty.com,Male,150.19.39.235
719,Warde,Diwell,wdiwelljy@sfgate.com,Male,176.147.137.12
720,Ericka,Rathjen,erathjenjz@usda.gov,Female,108.52.126.49
721,Collete,Sparwell,csparwellk0@newyorker.com,Female,118.118.60.239
722,Jessi,Backsal,jbacksalk1@webmd.com,Female,103.189.252.21
723,Louise,Harridge,lharridgek2@who.int,Female,80.3.78.43
724,Sandor,Beeken,sbeekenk3@youku.com,Polygender,130.9.152.216
725,Rennie,Fessier,rfessierk4@mozilla.org,Female,177.75.231.252
726,Niall,Frankcomb,nfrankcombk5@weibo.com,Male,186.152.181.224
727,Doralynne,Langstrath,dlangstrathk6@samsung.com,Female,141.102.222.36
728,Clarette,Mayworth,cmayworthk7@goodreads.com,Female,88.40.10.209
729,Urban,Bulcroft,ubulcroftk8@tumblr.com,Male,242.68.191.73
730,Danyette,Rameau,drameauk9@issuu.com,Female,77.1.56.86
731,Neala,Olyonov,nolyonovka@feedburner.com,Female,172.10.100.209
732,Gorden,Jaegar,gjaegarkb@bbc.co.uk,Male,145.212.32.59
733,Nadeen,Wrinch,nwrinchkc@over-blog.com,Female,76.185.72.235
734,Cleopatra,Stonall,cstonallkd@oaic.gov.au,Female,233.15.15.176
735,Vanny,Matic,vmaticke@google.de,Female,71.16.78.114
736,Angus,Semrad,asemradkf@shinystat.com,Male,60.147.5.25
737,Khalil,Mallows,kmallowskg@51.la,Male,113.68.66.99
738,Violetta,Labbe,vlabbekh@istockphoto.com,Female,115.98.232.130
739,Talbert,Bottle,tbottleki@eventbrite.com,Male,68.222.226.56
740,Marshall,Dabbes,mdabbeskj@google.com,Male,27.8.69.50
741,Mara,Neame,mneamekk@t-online.de,Female,38.8.88.55
742,Whitaker,Wrigley,wwrigleykl@networksolutions.com,Male,207.79.225.224
743,Yard,Olohan,yolohankm@illinois.edu,Non-binary,97.159.170.137
744,Glyn,Taill,gtaillkn@biglobe.ne.jp,Male,55.168.93.173
745,Kilian,Whittuck,kwhittuckko@istockphoto.com,Male,147.42.207.43
746,Nert,Knibbs,nknibbskp@nature.com,Female,177.8.120.103
747,Abrahan,Osselton,aosseltonkq@twitpic.com,Non-binary,196.214.3.2
748,Waldo,Chilles,wchilleskr@ycombinator.com,Male,133.168.132.47
749,Farra,Faussett,ffaussettks@japanpost.jp,Female,152.77.34.157
750,Chad,Helder,chelderkt@google.com,Female,244.193.169.187
751,Janeta,Raithmill,jraithmillku@hp.com,Female,189.114.51.183
752,Mathias,Arrowsmith,marrowsmithkv@guardian.co.uk,Male,28.8.32.19
753,Emmanuel,MacDearmid,emacdearmidkw@studiopress.com,Male,234.140.53.153
754,Jacenta,Attyeo,jattyeokx@wired.com,Female,50.144.123.191
755,Karrie,Woosnam,kwoosnamky@marriott.com,Non-binary,115.104.235.79
756,Nixie,Hedingham,nhedinghamkz@netlog.com,Female,9.55.104.114
757,Joanna,Benkin,jbenkinl0@scientificamerican.com,Female,115.80.234.122
758,Lotta,Hargrove,lhargrovel1@ezinearticles.com,Female,156.143.108.212
759,Giraud,Falloon,gfalloonl2@chicagotribune.com,Male,37.193.253.170
760,Halette,Cullinane,hcullinanel3@pen.io,Female,195.80.130.207
761,Timotheus,Troup,ttroupl4@hhs.gov,Male,61.111.235.160
762,Chryste,Dines,cdinesl5@woothemes.com,Agender,59.117.70.24
763,Chicky,Sheard,csheardl6@cisco.com,Male,183.99.91.13
764,Marlow,Gaveltone,mgaveltonel7@bing.com,Polygender,28.81.58.142
765,Stillman,Kettlestringe,skettlestringel8@timesonline.co.uk,Male,117.204.75.189
766,Winny,Lilliman,wlillimanl9@chicagotribune.com,Male,252.102.196.242
767,Odelia,Sharratt,osharrattla@drupal.org,Female,5.186.76.247
768,Morgan,Idill,midilllb@arizona.edu,Polygender,57.24.142.78
769,Garrik,Rickerd,grickerdlc@yahoo.co.jp,Male,32.49.75.134
770,Perkin,Denver,pdenverld@addthis.com,Male,195.237.239.248
771,Didi,McFie,dmcfiele@epa.gov,Female,252.217.43.123
772,Tallie,Adolfsen,tadolfsenlf@sitemeter.com,Female,97.156.68.217
773,Avram,Buckam,abuckamlg@zdnet.com,Male,88.63.32.105
774,Sharleen,Gulston,sgulstonlh@mac.com,Female,202.211.15.170
775,Danit,Juares,djuaresli@dion.ne.jp,Genderqueer,135.165.143.83
776,Jocelyn,Fordy,jfordylj@amazon.de,Agender,3.45.116.20
777,Orlando,Bligh,oblighlk@reverbnation.com,Male,33.255.211.214
778,Cordy,Cheke,cchekell@tinyurl.com,Agender,151.27.24.120
779,Gregory,Brient,gbrientlm@hhs.gov,Genderfluid,0.251.12.57
780,Darb,Willett,dwillettln@kickstarter.com,Male,63.221.102.75
781,Art,Loosemore,aloosemorelo@soup.io,Male,50.240.230.75
782,Abram,Dugdale,adugdalelp@goodreads.com,Male,220.9.109.50
783,Essa,Stable,establelq@ask.com,Female,209.170.71.29
784,Horst,Adam,hadamlr@edublogs.org,Male,245.134.140.92
785,Brit,Twitty,btwittyls@who.int,Male,244.132.54.192
786,Bryn,Merriman,bmerrimanlt@sphinn.com,Male,70.20.85.50
787,Todd,Gaul,tgaullu@slashdot.org,Male,63.230.145.83
788,Charil,Sand,csandlv@51.la,Female,184.65.27.22
789,Taddeo,Deetlof,tdeetloflw@craigslist.org,Male,35.27.140.114
790,Dannel,Farfolomeev,dfarfolomeevlx@google.com.br,Male,177.241.12.108
791,Errick,Gudeman,egudemanly@nih.gov,Polygender,199.237.152.123
792,Alanah,Novak,anovaklz@hibu.com,Female,42.221.75.168
793,Lawry,Braganza,lbraganzam0@icq.com,Male,189.228.191.48
794,Shamus,Priddle,spriddlem1@nih.gov,Male,238.222.224.180
795,Esdras,Heaney`,eheaneym2@icio.us,Male,7.22.4.38
796,Curran,Willstrop,cwillstropm3@vk.com,Male,228.44.9.122
797,Ilene,Dampney,idampneym4@soup.io,Female,251.100.79.66
798,Hortense,Schenkel,hschenkelm5@kickstarter.com,Female,12.13.103.253
799,Danila,Cupitt,dcupittm6@telegraph.co.uk,Female,120.34.87.165
800,Arlen,Moreing,amoreingm7@themeforest.net,Male,124.248.76.23
801,Sandy,Isles,sislesm8@privacy.gov.au,Male,48.124.94.139
802,Darius,Sleightholme,dsleightholmem9@businesswire.com,Agender,26.92.164.164
803,Margret,Piddock,mpiddockma@facebook.com,Female,79.139.189.160
804,Jarib,Celez,jcelezmb@diigo.com,Male,99.47.225.153
805,Kay,Greenall,kgreenallmc@wikipedia.org,Female,77.243.228.108
806,Janeczka,Lismer,jlismermd@cnet.com,Female,95.18.183.121
807,Sonny,Colthurst,scolthurstme@geocities.com,Male,137.83.172.172
808,Arty,Casse,acassemf@taobao.com,Male,165.125.177.241
809,Arri,Tantum,atantummg@salon.com,Male,42.127.29.176
810,Gates,Meharry,gmeharrymh@soundcloud.com,Female,155.110.42.48
811,Alphonso,Howsden,ahowsdenmi@usa.gov,Male,195.71.185.12
812,Celestia,Cronkshaw,ccronkshawmj@nyu.edu,Female,178.101.4.91
813,Aubree,Lowless,alowlessmk@purevolume.com,Female,35.40.251.242
814,Skylar,Ygo,sygoml@yellowpages.com,Male,146.46.195.115
815,Leodora,O'Dea,lodeamm@mtv.com,Female,153.168.187.234
816,Hilda,Lockitt,hlockittmn@paypal.com,Genderqueer,79.8.18.198
817,Mycah,Kunert,mkunertmo@dyndns.org,Male,90.184.219.161
818,Brodie,Chalfont,bchalfontmp@photobucket.com,Male,38.94.166.218
819,Angelia,Wileman,awilemanmq@ifeng.com,Genderfluid,29.135.151.156
820,Harris,Penfold,hpenfoldmr@shareasale.com,Male,78.17.146.203
821,Colby,Robbie,crobbiems@devhub.com,Male,23.51.130.42
822,Alanson,Bourdas,abourdasmt@cnn.com,Male,111.56.47.109
823,Mavra,Shovell,mshovellmu@ft.com,Polygender,35.54.214.200
824,Michel,Marr,mmarrmv@nbcnews.com,Male,239.153.6.248
825,Gaultiero,Ludye,gludyemw@buzzfeed.com,Male,47.211.40.84
826,Geordie,Longmuir,glongmuirmx@go.com,Male,79.93.25.216
827,Brunhilde,Quadrio,bquadriomy@clickbank.net,Female,93.99.160.188
828,Suki,March,smarchmz@mit.edu,Female,98.163.248.206
829,Ermengarde,Murfett,emurfettn0@jalbum.net,Female,198.37.69.30
830,Marlena,Piller,mpillern1@google.fr,Female,182.207.3.251
831,Marti,Jaspar,mjasparn2@census.gov,Non-binary,82.53.6.128
832,Linus,Archibald,larchibaldn3@example.com,Male,255.95.186.80
833,Cassey,Castiglioni,ccastiglionin4@google.cn,Female,59.20.213.205
834,Ame,Wisniowski,awisniowskin5@amazon.co.jp,Female,219.131.188.160
835,Rockwell,Curteis,rcurteisn6@privacy.gov.au,Male,233.220.29.3
836,Pete,Bamforth,pbamforthn7@princeton.edu,Genderqueer,66.244.123.45
837,Peri,Skaid,pskaidn8@usnews.com,Female,37.129.105.131
838,Nicko,Leitche,nleitchen9@answers.com,Male,212.30.15.231
839,Lynnell,Linner,llinnerna@home.pl,Female,123.61.242.150
840,Ivonne,Van den Dael,ivandendaelnb@rambler.ru,Female,146.144.20.233
841,Chicky,Pottery,cpotterync@trellian.com,Female,108.115.86.39
842,Rory,Dunguy,rdunguynd@nytimes.com,Female,163.246.103.108
843,Rosemonde,Isaac,risaacne@huffingtonpost.com,Female,225.252.15.206
844,Nickolas,Lansberry,nlansberrynf@webmd.com,Male,81.202.168.122
845,Eugen,Kubacek,ekubacekng@marketwatch.com,Genderqueer,148.192.82.202
846,Kelsey,Herrero,kherreronh@shop-pro.jp,Male,82.135.117.176
847,Lian,Bradburne,lbradburneni@nsw.gov.au,Female,186.41.206.86
848,Darci,Giovannacc@i,dgiovannaccinj@typepad.com,Female,38.167.7.219
849,Tania,Warrack,twarracknk@goo.gl,Female,1.127.130.86
850,Christine,Balfe,cbalfenl@ucoz.com,Female,136.165.244.208
851,Margareta,Farris,mfarrisnm@booking.com,Female,190.131.210.207
852,Raphael,Belliard,rbelliardnn@zimbio.com,Male,34.175.162.146
853,Philbert,Bruhn,pbruhnno@chicagotribune.com,Male,63.135.245.253
854,Bobbee,Stoeck,bstoecknp@blogspot.com,Female,112.49.204.133
855,Lacey,Carss,lcarssnq@hubpages.com,Female,176.4.218.60
856,Milena,Leckie,mleckienr@marketwatch.com,Female,215.72.30.9
857,Melinde,Crosfield,mcrosfieldns@gnu.org,Bigender,169.106.149.115
858,Milton,Faughey,mfaugheynt@youtube.com,Non-binary,25.12.216.84
859,Gregg,McNuff,gmcnuffnu@wix.com,Male,105.89.103.102
860,Noam,Chieco,nchieconv@intel.com,Male,245.40.248.242
861,Theo,Meece,tmeecenw@usnews.com,Female,100.254.15.152
862,Damita,Bills,dbillsnx@tripadvisor.com,Female,157.220.52.228
863,Vite,Lambdon,vlambdonny@wp.com,Male,86.154.168.96
864,Rodolphe,Baglin,rbaglinnz@gnu.org,Male,75.48.145.124
865,Mace,Wodeland,mwodelando0@sfgate.com,Male,130.6.122.37
866,Annamaria,Savine,asavineo1@sciencedaily.com,Female,84.79.247.188
867,Coretta,Sagerson,csagersono2@about.com,Female,163.185.36.174
868,Angil,Deyes,adeyeso3@howstuffworks.com,Female,33.95.184.165
869,Edi,Shankster,eshankstero4@ucoz.ru,Female,119.65.22.198
870,Rube,Vanini,rvaninio5@github.io,Male,82.199.162.6
871,Abe,Dorkins,adorkinso6@intel.com,Male,7.136.248.140
872,Imogen,Weedall,iweedallo7@purevolume.com,Female,159.247.113.111
873,Twila,Gavin,tgavino8@mayoclinic.com,Female,242.232.231.139
874,Stormy,Dresse,sdresseo9@google.de,Female,246.114.218.223
875,Wenonah,Kilpatrick,wkilpatrickoa@umn.edu,Female,230.231.103.80
876,Gareth,Rapinett,grapinettob@japanpost.jp,Male,66.153.130.59
877,Myrvyn,Belcham,mbelchamoc@t-online.de,Male,112.151.110.56
878,Mack,Moran,mmoranod@nyu.edu,Male,39.195.2.24
879,Dorotea,Hynson,dhynsonoe@seesaa.net,Female,108.44.97.7
880,Porty,Caskie,pcaskieof@pcworld.com,Male,171.114.204.142
881,Shanda,Ucceli,succeliog@fc2.com,Female,189.237.47.240
882,Yancy,Chalder,ychalderoh@epa.gov,Male,210.78.10.96
883,Aurel,Butterley,abutterleyoi@si.edu,Female,104.8.251.8
884,Frazer,Corain,fcorainoj@networksolutions.com,Male,229.132.232.183
885,Way,Batterham,wbatterhamok@admin.ch,Male,230.235.104.249
886,Sid,Barbey,sbarbeyol@mac.com,Male,33.194.220.105
887,Timotheus,McVee,tmcveeom@slate.com,Male,51.220.163.75
888,Carmela,Kyles,ckyleson@macromedia.com,Female,197.178.208.246
889,Brittani,Bernucci,bbernuccioo@live.com,Female,140.254.255.55
890,Stanislaw,Hathaway,shathawayop@irs.gov,Male,246.245.61.249
891,Marj,Dovermann,mdovermannoq@ehow.com,Female,180.177.90.187
892,Benedick,Doy,bdoyor@reddit.com,Male,120.162.169.172
893,Misty,Tumber,mtumberos@google.fr,Female,71.197.36.237
894,Ced,McLugish,cmclugishot@cnet.com,Genderqueer,95.243.207.54
895,Bernardina,McDuffie,bmcduffieou@marketwatch.com,Female,230.24.175.17
896,Spence,Kibbee,skibbeeov@chicagotribune.com,Male,28.108.154.195
897,Darb,Gwilliams,dgwilliamsow@ft.com,Male,101.137.160.151
898,Vikky,Baigent,vbaigentox@facebook.com,Female,224.229.187.23
899,Prinz,Novotna,pnovotnaoy@deliciousdays.com,Male,60.112.13.194
900,Jarrod,Pennycord,jpennycordoz@posterous.com,Male,28.163.129.149
901,Aguste,Strapp,astrappp0@paypal.com,Male,186.31.219.227
902,Cecilla,MacGrath,cmacgrathp1@europa.eu,Female,54.109.80.207
903,Gradey,Persehouse,gpersehousep2@bloomberg.com,Male,254.202.206.196
904,Gabriel,Ife,gifep3@globo.com,Female,94.62.169.41
905,Valry,Kennet,vkennetp4@51.la,Polygender,113.132.240.150
906,Vivianne,Aiston,vaistonp5@woothemes.com,Female,225.24.250.30
907,Averil,McCrachen,amccrachenp6@arstechnica.com,Female,92.28.186.14
908,Shane,Beisley,sbeisleyp7@google.ru,Male,6.23.201.64
909,Madelaine,Purbrick,mpurbrickp8@cisco.com,Female,159.158.234.64
910,Terrijo,Halpeine,thalpeinep9@jalbum.net,Female,152.209.58.255
911,Aileen,Geane,ageanepa@creativecommons.org,Female,228.187.2.65
912,Joycelin,Holliar,jholliarpb@creativecommons.org,Female,107.46.150.89
913,Dre,Crayton,dcraytonpc@princeton.edu,Female,58.35.144.236
914,Thorny,Rickwood,trickwoodpd@g.co,Male,29.133.129.136
915,Gavin,Gunningham,ggunninghampe@reddit.com,Male,98.114.165.4
916,Dionis,Shelborne,dshelbornepf@miibeian.gov.cn,Female,64.157.11.157
917,Roldan,Hornbuckle,rhornbucklepg@bandcamp.com,Male,127.247.130.3
918,Celie,Limer,climerph@github.com,Female,90.243.77.47
919,Waylin,Simmans,wsimmanspi@ucoz.com,Male,48.92.45.234
920,Debee,Gatrill,dgatrillpj@baidu.com,Female,41.96.51.156
921,Farr,Mongenot,fmongenotpk@omniture.com,Male,60.220.55.35
922,Grace,Pauleit,gpauleitpl@goodreads.com,Female,136.140.185.26
923,Arvin,Callacher,acallacherpm@google.com.au,Male,66.208.103.5
924,Nelson,Dupree,ndupreepn@biglobe.ne.jp,Male,163.111.141.199
925,Bendicty,Andreoletti,bandreolettipo@apache.org,Male,50.184.198.49
926,Cornela,Rhydderch,crhydderchpp@surveymonkey.com,Female,196.82.254.132
927,Loni,Teasey,lteaseypq@google.co.uk,Female,73.33.194.226
928,Pietro,Prandin,pprandinpr@parallels.com,Male,230.238.8.136
929,Verne,Judkin,vjudkinps@spiegel.de,Male,238.181.0.195
930,Amelina,Sayers,asayerspt@nih.gov,Female,145.246.204.97
931,William,Carver,wcarverpu@theglobeandmail.com,Male,110.97.115.23
932,Noemi,McClarence,nmcclarencepv@desdev.cn,Female,240.171.57.155
933,Pippa,Mertgen,pmertgenpw@bigcartel.com,Female,253.206.28.247
934,Carolann,Burkin,cburkinpx@mapy.cz,Female,75.42.226.153
935,Timoteo,Boatwright,tboatwrightpy@ft.com,Male,8.209.11.92
936,Rex,Arnauduc,rarnauducpz@quantcast.com,Male,81.227.83.82
937,Emmery,Baudassi,ebaudassiq0@usa.gov,Male,169.164.17.10
938,Reagan,Sherwen,rsherwenq1@jalbum.net,Genderfluid,240.143.35.157
939,Petronille,Whodcoat,pwhodcoatq2@google.com,Female,220.68.88.183
940,Rosabel,Beardwood,rbeardwoodq3@cornell.edu,Female,195.234.212.237
941,Shanna,Alvey,salveyq4@nymag.com,Female,192.217.81.171
942,Lynde,Vonderdell,lvonderdellq5@bing.com,Female,179.54.170.231
943,Dru,Poure,dpoureq6@disqus.com,Female,86.137.111.247
944,Dell,Morgon,dmorgonq7@shutterfly.com,Male,82.240.235.177
945,Zane,Rustan,zrustanq8@dedecms.com,Male,190.148.125.51
946,Jereme,Daborne,jdaborneq9@google.com,Male,196.107.160.143
947,Windy,Iseton,wisetonqa@merriam-webster.com,Agender,95.64.184.149
948,Felisha,McMurty,fmcmurtyqb@mail.ru,Female,66.82.175.246
949,Ronny,Izod,rizodqc@whitehouse.gov,Male,72.101.104.225
950,Bogart,Shipp,bshippqd@is.gd,Male,253.241.194.3
951,Rozamond,Jurczyk,rjurczykqe@chronoengine.com,Female,202.210.14.92
952,Alex,Clemanceau,aclemanceauqf@qq.com,Female,157.141.223.131
953,Olly,Lifsey,olifseyqg@opera.com,Male,54.246.25.170
954,Nevsa,Timbrell,ntimbrellqh@discovery.com,Female,162.177.168.55
955,Zarah,Sunman,zsunmanqi@parallels.com,Female,17.237.193.26
956,Saidee,Print,sprintqj@army.mil,Female,81.73.9.98
957,Daphne,Kumar,dkumarqk@meetup.com,Non-binary,186.181.128.24
958,Jecho,Kale,jkaleql@exblog.jp,Male,112.239.228.178
959,Bartlet,Rockey,brockeyqm@unblog.fr,Male,240.209.239.8
960,Ingra,Sanbrook,isanbrookqn@homestead.com,Male,3.82.226.64
961,Juliana,Tregea,jtregeaqo@yellowbook.com,Female,250.134.165.15
962,Emlyn,Pidgley,epidgleyqp@ebay.com,Female,249.50.163.20
963,Esmaria,Golbourn,egolbournqq@webeden.co.uk,Female,25.117.235.42
964,Melisa,Thrasher,mthrasherqr@xrea.com,Female,53.21.224.168
965,Kathryn,Eastmead,keastmeadqs@nationalgeographic.com,Female,182.200.55.146
966,Joete,Hember,jhemberqt@dailymotion.com,Female,58.2.5.185
967,Angelique,Portlock,aportlockqu@cbslocal.com,Genderfluid,184.180.50.241
968,Hobey,Kitlee,hkitleeqv@ft.com,Male,111.158.202.21
969,Walden,Potkin,wpotkinqw@geocities.com,Polygender,22.191.7.177
970,Dene,Vincent,dvincentqx@cocolog-nifty.com,Male,112.177.112.52
971,Beaufort,Carnachen,bcarnachenqy@vkontakte.ru,Male,186.155.44.203
972,Kaiser,Beckerleg,kbeckerlegqz@skype.com,Male,209.247.38.188
973,Preston,Ketteridge,pketteridger0@eepurl.com,Male,1.184.46.92
974,Schuyler,Van der Brugge,svanderbrugger1@house.gov,Male,240.190.15.14
975,Sheilakathryn,Grainge,sgrainger2@amazon.de,Female,81.243.204.117
976,Sallee,Ielden,sieldenr3@examiner.com,Female,76.107.58.239
977,Ginevra,Kemm,gkemmr4@bloglines.com,Female,158.67.26.168
978,Zachery,Mepham,zmephamr5@biglobe.ne.jp,Male,204.236.64.246
979,Gilemette,Bremley,gbremleyr6@hc360.com,Female,222.123.181.61
980,Markos,Willan,mwillanr7@soup.io,Male,98.70.138.168
981,Anabel,Palfrie,apalfrier8@ucoz.com,Female,173.1.52.51
982,Wes,Sandbach,wsandbachr9@marriott.com,Male,5.113.166.8
983,Marshall,O'Cuddie,mocuddiera@purevolume.com,Male,71.199.193.89
984,Saul,Vanlint,svanlintrb@ft.com,Male,253.34.143.165
985,Catie,Boate,cboaterc@guardian.co.uk,Female,198.118.12.24
986,Waite,Rickardsson,wrickardssonrd@reuters.com,Male,24.222.28.218
987,Buck,Shippam,bshippamre@blogspot.com,Male,247.74.69.118
988,Ryan,Lamcken,rlamckenrf@nytimes.com,Male,186.115.159.92
989,Zarah,Maykin,zmaykinrg@addtoany.com,Female,95.91.109.17
990,Mirabel,Hughf,mhughfrh@over-blog.com,Female,39.83.10.118
991,Humfried,Dudbridge,hdudbridgeri@arizona.edu,Male,34.13.159.15
992,Farris,Fabry,ffabryrj@live.com,Male,71.155.254.169
993,Shir,Lock,slockrk@cpanel.net,Female,207.152.198.124
994,Aryn,Turri,aturrirl@va.gov,Female,206.174.23.163
995,Tallie,Shadfourth,tshadfourthrm@amazon.co.jp,Male,64.26.221.128
996,Paxton,Senner,psennerrn@weather.com,Male,202.78.46.55
997,Benn,Lorden,blordenro@cocolog-nifty.com,Male,125.155.222.10
998,Langston,Kagan,lkaganrp@ibm.com,Male,118.189.111.104
999,Danica,Antoniewicz,dantoniewiczrq@unicef.org,Female,25.255.187.180
1000,Florence,Waight,fwaightrr@rediff.com,Female,101.28.46.230
